ts,user_id,endpoint,response_ms,status_code
2025-06-01 09:50:44,45,/health,22,200
2025-06-01 09:01:19,39,/,139,200
2025-06-01 09:44:11,38,/api/v1/items,96,200
2025-06-01 09:01:54,7,/,81,200
2025-06-01 09:22:01,30,/health,34,200
2025-06-01 09:59:52,39,/health,19,200
2025-06-01 09:56:03,1,/api/v1/items,261,400
2025-06-01 09:58:09,7,/api/v1/items/123,185,201
2025-06-01 09:25:01,10,/,131,401
2025-06-01 09:49:33,7,/api/v1/login,223,200
2025-06-01 09:58:23,16,/api/v1/items,317,500
2025-06-01 09:31:15,15,/health,17,201
2025-06-01 09:08:53,32,/api/v1/login,188,200
2025-06-01 09:00:23,49,/api/v1/items/123,183,404
2025-06-01 09:25:55,24,/,104,200
2025-06-01 09:17:16,42,/,1,201
2025-06-01 09:45:54,31,/health,42,200
2025-06-01 09:07:08,19,/api/v1/items,238,404
2025-06-01 09:16:26,23,/api/v1/items,89,401
2025-06-01 09:50:27,41,/api/v1/login,74,201
2025-06-01 09:21:28,8,/,45,200
2025-06-01 09:54:54,47,/api/v1/items,202,200
2025-06-01 09:27:20,6,/api/v1/login,156,200
2025-06-01 09:49:51,3,/api/v1/items/123,482,200
2025-06-01 09:49:41,16,/api/v1/items/123,320,404
2025-06-01 09:32:11,3,/api/v1/items,601,200
2025-06-01 09:38:33,29,/api/v1/items,154,200
2025-06-01 09:55:32,27,/api/v1/login,287,200
2025-06-01 09:24:14,47,/api/v1/login,263,500
2025-06-01 09:14:23,49,/,101,204
2025-06-01 09:36:58,39,/api/v1/login,157,201
2025-06-01 09:58:01,43,/api/v1/items,220,204
2025-06-01 09:14:59,14,/api/v1/login,21,200
2025-06-01 09:36:15,12,/api/v1/items,357,200
2025-06-01 09:26:02,19,/,74,500
2025-06-01 09:40:15,46,/api/v1/items,397,201
2025-06-01 09:57:37,43,/,127,201
2025-06-01 09:45:58,32,/api/v1/items,373,200
2025-06-01 09:35:50,35,/health,20,204
2025-06-01 09:38:10,5,/,122,500
2025-06-01 09:43:24,7,/health,14,201
2025-06-01 09:26:42,40,/,44,200
2025-06-01 09:43:18,30,/api/v1/login,208,201
2025-06-01 09:00:28,29,/api/v1/items,288,401
2025-06-01 09:55:12,40,/api/v1/items,1,500
2025-06-01 09:50:42,6,/api/v1/login,312,400
2025-06-01 09:43:43,21,/,126,200
2025-06-01 09:44:17,45,/,102,200
2025-06-01 09:31:55,16,/api/v1/items,297,500
2025-06-01 09:33:18,22,/api/v1/items,435,201
2025-06-01 09:56:56,47,/,127,200
2025-06-01 09:39:06,50,/,127,200
2025-06-01 09:16:15,43,/api/v1/items/123,1,201
2025-06-01 09:01:56,35,/api/v1/login,297,404
2025-06-01 09:25:52,15,/api/v1/items,150,200
2025-06-01 09:30:55,46,/,26,502
2025-06-01 09:02:39,44,/api/v1/items,307,200
2025-06-01 09:39:56,50,/,96,200
2025-06-01 09:40:50,45,/api/v1/login,116,200
2025-06-01 09:51:15,39,/api/v1/items,200,400
2025-06-01 09:54:33,2,/api/v1/login,254,204
2025-06-01 09:58:48,41,/api/v1/items,1,200
2025-06-01 09:40:08,41,/health,21,400
2025-06-01 09:49:11,42,/api/v1/login,110,200
2025-06-01 09:41:50,26,/,94,404
2025-06-01 09:26:55,8,/,50,200
2025-06-01 09:05:59,36,/health,6,200
2025-06-01 09:04:12,31,/api/v1/login,168,400
2025-06-01 09:24:41,9,/api/v1/login,131,502
2025-06-01 09:35:31,23,/,81,201
2025-06-01 09:26:47,8,/health,16,201
2025-06-01 09:32:15,35,/api/v1/items/123,498,200
2025-06-01 09:27:41,26,/api/v1/items,493,200
2025-06-01 09:58:24,7,/api/v1/items,384,200
2025-06-01 09:47:08,31,/api/v1/items/123,370,200
2025-06-01 09:50:24,11,/api/v1/items/123,141,200
2025-06-01 09:17:55,21,/api/v1/items,388,201
2025-06-01 09:21:03,29,/,77,400
2025-06-01 09:36:59,16,/,137,200
2025-06-01 09:31:46,32,/api/v1/items,277,401
2025-06-01 09:33:29,45,/health,19,201
2025-06-01 09:16:07,40,/api/v1/items,143,200
2025-06-01 09:02:29,6,/api/v1/login,277,200
2025-06-01 09:04:39,15,/api/v1/items,211,200
2025-06-01 09:03:59,38,/api/v1/login,1,404
2025-06-01 09:24:54,19,/api/v1/items,160,200
2025-06-01 09:30:29,19,/health,44,401
2025-06-01 09:25:28,16,/,19,200
2025-06-01 09:55:32,33,/api/v1/login,251,201
2025-06-01 09:28:00,9,/api/v1/items,362,502
2025-06-01 09:57:28,28,/,150,200
2025-06-01 09:30:10,23,/api/v1/items,431,401
2025-06-01 09:02:28,22,/api/v1/items,204,200
2025-06-01 09:14:38,46,/api/v1/login,39,200
2025-06-01 09:11:39,25,/api/v1/items/123,1,200
2025-06-01 09:16:07,13,/,101,204
2025-06-01 09:24:24,34,/,99,200
2025-06-01 09:44:37,27,/api/v1/items,298,200
2025-06-01 09:31:52,39,/health,19,500
2025-06-01 09:18:17,30,/health,7,200
2025-06-01 09:50:52,27,/api/v1/login,173,500
2025-06-01 09:37:44,32,/api/v1/items,362,200
2025-06-01 09:15:33,2,/health,25,200
2025-06-01 09:08:32,30,/api/v1/login,203,400
2025-06-01 09:31:32,32,/health,33,200
2025-06-01 09:59:05,39,/health,1,500
2025-06-01 09:37:24,40,/health,27,401
2025-06-01 09:48:33,23,/api/v1/items/123,357,500
2025-06-01 09:06:26,50,/api/v1/items,477,401
2025-06-01 09:38:13,18,/api/v1/login,64,401
2025-06-01 09:57:47,25,/health,22,502
2025-06-01 09:14:30,21,/,147,201
2025-06-01 09:32:25,41,/health,27,200
2025-06-01 09:03:18,19,/api/v1/login,86,400
2025-06-01 09:45:45,36,/,53,401
2025-06-01 09:23:36,41,/api/v1/login,124,204
2025-06-01 09:14:01,43,/api/v1/login,204,400
2025-06-01 09:31:50,2,/api/v1/items,198,400
2025-06-01 09:15:16,12,/health,36,404
2025-06-01 09:54:09,15,/api/v1/items/123,270,200
2025-06-01 09:32:58,45,/api/v1/items,322,200
2025-06-01 09:26:59,36,/,182,200
2025-06-01 09:46:31,21,/api/v1/login,235,502
2025-06-01 09:51:20,36,/api/v1/items/123,346,500
2025-06-01 09:13:10,25,/api/v1/login,330,200
2025-06-01 09:21:03,11,/api/v1/login,101,204
2025-06-01 09:52:50,18,/api/v1/items,38,401
2025-06-01 09:30:11,28,/api/v1/items,239,200
2025-06-01 09:33:37,17,/health,14,401
2025-06-01 09:12:56,30,/,57,200
2025-06-01 09:17:58,17,/api/v1/items,547,201
2025-06-01 09:15:02,40,/,126,200
2025-06-01 09:56:59,50,/,70,200
2025-06-01 09:10:16,29,/api/v1/login,138,500
2025-06-01 09:46:46,26,/api/v1/items,369,500
2025-06-01 09:44:21,6,/api/v1/login,1,200
2025-06-01 09:59:04,23,/api/v1/items/123,498,200
2025-06-01 09:51:07,6,/api/v1/items,381,400
2025-06-01 09:26:57,11,/api/v1/items,222,200
2025-06-01 09:09:05,1,/api/v1/login,86,200
2025-06-01 09:06:39,26,/api/v1/items,54,200
2025-06-01 09:33:04,40,/,85,200
2025-06-01 09:35:50,13,/api/v1/items,134,200
2025-06-01 09:44:38,17,/health,8,200
2025-06-01 09:51:50,36,/api/v1/items,318,200
2025-06-01 09:01:14,46,/api/v1/login,249,200
2025-06-01 09:09:12,6,/api/v1/items/123,480,201
2025-06-01 09:13:50,30,/,94,404
2025-06-01 09:31:59,31,/api/v1/items,203,404
2025-06-01 09:17:28,13,/health,9,204
2025-06-01 09:54:33,50,/api/v1/items,134,200
2025-06-01 09:32:53,40,/api/v1/items/123,519,200
2025-06-01 09:38:08,16,/api/v1/login,210,200
2025-06-01 09:23:00,1,/api/v1/items,90,400
2025-06-01 09:18:05,37,/api/v1/items,281,201
2025-06-01 09:14:10,7,/api/v1/login,81,200
2025-06-01 09:47:39,26,/health,19,200
2025-06-01 09:33:12,50,/api/v1/items/123,321,500
2025-06-01 09:05:27,45,/api/v1/items/123,146,200
2025-06-01 09:43:17,3,/api/v1/items/123,401,400
2025-06-01 09:58:36,42,/api/v1/login,269,200
2025-06-01 09:50:50,44,/api/v1/items,144,201
2025-06-01 09:31:30,20,/,147,201
2025-06-01 09:16:03,38,/health,16,201
2025-06-01 09:56:33,1,/,101,200
2025-06-01 09:56:22,5,/health,15,400
2025-06-01 09:28:07,8,/health,15,200
2025-06-01 09:55:11,43,/health,8,200
2025-06-01 09:52:47,37,/health,20,201
2025-06-01 09:05:19,38,/,107,201
2025-06-01 09:26:39,6,/health,12,404
2025-06-01 09:30:10,5,/api/v1/items,479,200
2025-06-01 09:12:37,49,/api/v1/items,469,404
2025-06-01 09:37:43,20,/api/v1/items,647,201
2025-06-01 09:23:04,21,/api/v1/items/123,262,200
2025-06-01 09:04:03,10,/api/v1/items,284,200
2025-06-01 09:19:56,9,/,2,500
2025-06-01 09:43:38,13,/api/v1/login,174,404
2025-06-01 09:20:37,14,/api/v1/items,82,201
2025-06-01 09:03:25,24,/api/v1/items,284,200
2025-06-01 09:05:23,48,/,4,200
2025-06-01 09:14:02,13,/api/v1/items,237,404
2025-06-01 09:46:21,46,/health,8,500
2025-06-01 09:35:18,4,/api/v1/login,292,201
2025-06-01 09:25:30,5,/,52,201
2025-06-01 09:31:15,9,/api/v1/items,211,404
2025-06-01 09:22:29,30,/,111,200
2025-06-01 09:50:06,21,/,83,200
2025-06-01 09:36:12,48,/api/v1/login,159,200
2025-06-01 09:23:05,14,/,56,200
2025-06-01 09:03:41,23,/api/v1/items,373,404
2025-06-01 09:34:27,44,/api/v1/items,316,200
2025-06-01 09:19:59,13,/api/v1/items,141,404
2025-06-01 09:00:11,39,/api/v1/items/123,621,201
2025-06-01 09:23:35,27,/api/v1/items,259,200
2025-06-01 09:10:57,48,/api/v1/items,455,200
2025-06-01 09:22:21,28,/api/v1/items,239,200
2025-06-01 09:22:48,6,/health,28,204
2025-06-01 09:04:18,24,/api/v1/items,205,200
2025-06-01 09:50:22,50,/,1,200
2025-06-01 09:50:21,8,/health,8,200
2025-06-01 09:55:54,18,/,190,401
2025-06-01 09:38:14,40,/api/v1/items,266,200
2025-06-01 09:17:13,32,/api/v1/login,57,200
2025-06-01 09:52:41,4,/api/v1/items,254,200
2025-06-01 09:47:15,32,/api/v1/items,327,200
2025-06-01 09:24:50,37,/api/v1/items,198,201
2025-06-01 09:04:22,24,/health,4,200
2025-06-01 09:05:26,34,/,118,200
2025-06-01 09:17:22,45,/,117,201
2025-06-01 09:45:03,33,/api/v1/items,434,200
2025-06-01 09:44:05,37,/api/v1/items,294,400
2025-06-01 09:35:22,26,/health,28,204
2025-06-01 09:24:09,18,/api/v1/items,329,200
2025-06-01 09:49:38,5,/,73,400
2025-06-01 09:18:18,1,/api/v1/items,430,401
2025-06-01 09:56:23,44,/api/v1/items,122,200
2025-06-01 09:52:16,14,/api/v1/login,235,400
2025-06-01 09:54:51,46,/api/v1/items,327,400
2025-06-01 09:46:08,48,/api/v1/items/123,325,204
2025-06-01 09:03:50,17,/health,22,400
2025-06-01 09:32:40,2,/api/v1/items,249,204
2025-06-01 09:21:45,23,/health,26,200
2025-06-01 09:51:23,28,/api/v1/items,262,200
2025-06-01 09:48:32,13,/health,25,404
2025-06-01 09:56:09,49,/,80,401
2025-06-01 09:06:18,25,/api/v1/items,434,204
2025-06-01 09:38:01,15,/api/v1/items,305,200
2025-06-01 09:17:11,11,/,140,200
2025-06-01 09:21:57,1,/api/v1/items,306,404
2025-06-01 09:14:04,7,/,39,200
2025-06-01 09:27:02,50,/api/v1/items,278,200
2025-06-01 09:24:03,31,/health,34,200
2025-06-01 09:56:18,7,/,92,404
2025-06-01 09:13:24,34,/api/v1/login,41,200
2025-06-01 09:09:20,22,/api/v1/items/123,321,400
2025-06-01 09:47:47,33,/health,32,200
2025-06-01 09:41:00,37,/health,32,200
2025-06-01 09:10:40,22,/api/v1/login,226,200
2025-06-01 09:19:25,40,/,54,200
2025-06-01 09:23:40,17,/,77,200
2025-06-01 09:13:19,45,/api/v1/login,187,200
2025-06-01 09:19:33,8,/api/v1/items/123,161,200
2025-06-01 09:13:36,1,/api/v1/items,220,200
2025-06-01 09:20:17,33,/,85,200
2025-06-01 09:03:54,44,/,78,404
2025-06-01 09:02:36,5,/api/v1/items,411,200
2025-06-01 09:19:38,38,/api/v1/items/123,320,200
2025-06-01 09:18:32,19,/api/v1/items,182,401
2025-06-01 09:57:42,6,/api/v1/login,145,200
2025-06-01 09:02:38,42,/api/v1/items,370,200
2025-06-01 09:59:15,33,/api/v1/items,263,404
2025-06-01 09:57:10,49,/health,5,200
2025-06-01 09:28:23,33,/api/v1/items,61,201
2025-06-01 09:44:45,28,/,171,200
2025-06-01 09:31:49,3,/api/v1/items/123,14,200
2025-06-01 09:17:18,21,/,17,201
2025-06-01 09:09:27,20,/api/v1/items,302,200
2025-06-01 09:27:01,29,/,118,200
2025-06-01 09:00:33,11,/health,23,200
2025-06-01 09:50:23,45,/api/v1/items,375,500
2025-06-01 09:28:28,3,/api/v1/items,495,200
2025-06-01 09:18:04,34,/api/v1/items,117,200
2025-06-01 09:06:16,22,/api/v1/items,237,404
2025-06-01 09:10:49,17,/api/v1/items,140,200
2025-06-01 09:20:32,14,/api/v1/items/123,241,404
2025-06-01 09:01:56,47,/api/v1/login,55,200
2025-06-01 09:27:35,31,/api/v1/login,299,401
2025-06-01 09:06:12,41,/api/v1/items/123,445,200
2025-06-01 09:12:35,21,/api/v1/items,177,201
2025-06-01 09:54:56,41,/api/v1/items,109,200
2025-06-01 09:31:51,25,/health,20,200
2025-06-01 09:47:41,30,/api/v1/login,231,200
2025-06-01 09:58:54,6,/health,9,200
2025-06-01 09:40:00,21,/api/v1/items,258,500
2025-06-01 09:48:07,47,/api/v1/items,55,200
2025-06-01 09:58:09,29,/api/v1/items,287,201
2025-06-01 09:22:11,17,/api/v1/items,245,200
2025-06-01 09:18:20,9,/,94,200
2025-06-01 09:46:49,29,/,84,404
2025-06-01 09:58:14,47,/api/v1/items/123,414,200
2025-06-01 09:39:23,48,/api/v1/items,296,201
2025-06-01 09:58:44,1,/api/v1/login,325,201
2025-06-01 09:04:59,2,/,1,200
2025-06-01 09:12:11,24,/api/v1/login,202,200
2025-06-01 09:52:50,44,/api/v1/items,353,200
2025-06-01 09:40:19,9,/,1,201
2025-06-01 09:14:26,49,/health,13,200
2025-06-01 09:55:51,30,/health,1,404
2025-06-01 09:30:19,25,/api/v1/items/123,1,204
2025-06-01 09:54:36,22,/api/v1/items,206,200
2025-06-01 09:52:52,40,/,108,200
2025-06-01 09:43:49,44,/api/v1/login,213,200
2025-06-01 09:26:01,35,/api/v1/items,179,200
2025-06-01 09:47:25,31,/api/v1/login,267,201
2025-06-01 09:55:53,11,/api/v1/login,246,200
2025-06-01 09:11:08,5,/health,22,404
2025-06-01 09:24:53,49,/api/v1/login,239,404
2025-06-01 09:53:03,32,/api/v1/items,303,200
2025-06-01 09:12:16,27,/health,43,200
